Title,Artist Names,Album,Release Date
Be Nice 2 Me,Bladee,Icedancer,2018-12-29
Obedient,Bladee (Ft. Ecco2k),Red Light,2018-05-11
Western Union,"Bladee, Ecco2k & Thaiboy Digital",Trash Island,2019-09-12
Hotel Breakfast,Bladee,The Fool,2021-05-28
Plastic Surgery,Bladee & Ecco2k,Plastic Surgery,2017-04-28
I’m Goofy,Bladee,Red Light,2018-05-11
Sugar,Bladee,Eversince,2016-05-25
Who Goes There,Bladee,Eversince,2016-05-17
Girls just want to have fun,Bladee & Ecco2k,Crest,2020-02-24
​egobaby,Bladee,The Fool,2021-05-28
Cinderella,Bladee & Ecco2k,D&G,2017-08-07
Lovenote,Bladee,Eversince,2016-05-25
Decay,Bladee,Red Light,2018-05-01
Gatekeeper,Bladee,Working on Dying,2017-12-28
Reality Surf,Bladee,333,2020-07-16
Mallwhore Freeestyle,Bladee,Icedancer,2018-12-29
Into Dust,Bladee,Rainworld,2014-08-05
Bleach,Bladee & Ecco2k,GTBSG,2013-05-03
The Flag Is Raised,Bladee & Ecco2k,Crest,2022-03-18
Lordship,Bladee (Ft. Yung Lean),Working on Dying,2017-12-28
‌ebay,Bladee (Ft. Ecco2k & Thaiboy Digital),‌gluee,2014-01-20
For You,Bladee (Ft. Ecco2k),Red Light,2018-05-11
5 Star Crest (4 Vattenrum),Bladee & Ecco2k,Crest,2022-03-18
So What,Bladee (Ft. Ecco2k),Eversince,2016-05-25
​deletee (intro),Bladee (Ft. Thaiboy Digital),‌gluee,2014-01-20
Topman,Bladee,Icedancer,2018-12-29
TL;DR,"Bladee, Ecco2k & Thaiboy Digital",{},2024-04-12
Vanilla Sky,Bladee (Ft. Ecco2k),Vanilla Sky,2019-07-26
Dumpster Baby,Bladee,D&G,2017-08-07
Skin,Bladee,Eversince,2016-05-25
Unreal,Bladee,‌gluee,2014-01-20
Romeo,Bladee,Eversince,2016-05-25
Best Buy,Bladee,Working on Dying,2017-12-28
​reborn,Bladee,Rainworld,2014-09-25
Side by Side,Bladee (Ft. Thaiboy Digital),Icedancer,2018-12-29
Bloodveil / Stillborn,Bladee (Ft. Ecco2k),Eversince,2016-05-25
YUNG SHERMAN,Bladee (Ft. Yung Sherman),Cold Visions,2024-04-24
Waster,Bladee,Icedancer,2018-12-29
Victim,"Bladee, Ecco2k & Thaiboy Digital",Trash Island,2019-09-12
SmartWater,Bladee,Icedancer,2018-12-29
Frosty the Snowman,Bladee,Icedancer,2017-12-25
I Think...,Bladee,The Fool,2021-05-28
Noblest Strive,Bladee,333,2020-07-16
Rip,Bladee,Eversince,2016-05-25
First Crush,Bladee & Ecco2k (Ft. Yung Lean),D&G,2017-08-07
FLEXING & FINESSING,Bladee,Cold Visions,2024-04-24
Apple,Bladee,{},2019-04-04
SAD MEAL,Bladee,Cold Visions,2024-04-24
Special Place,Bladee,Icedancer,2018-12-29
Hero of My Story 3style3,Bladee,333,2020-07-16
Close,Bladee,Icedancer,2018-12-29
Trash Star,Bladee,{},2019-02-01
Wrist Cry,Bladee,Eversince,2016-05-24
Nike Just Do It,Bladee,Red Light,2018-05-11
​Missing Person,Bladee,Eversince,2015-11-17
​shadowface,Bladee (Ft. BONES),‌gluee,2013-11-18
OTHERSIDE,Bladee (Ft. Sickboyrari),Cold Visions,2024-04-24
Steve Jobs,Bladee,Red Light,2018-05-11
Cherry Bracelets,Bladee (Ft. Ecco2k & Yung Lean),Working on Dying,2017-12-28
Thee 9 Is Up,Bladee,The Fool,2021-05-28
1D,Bladee,Red Light,2018-05-11
Anything,Bladee,Icedancer,2018-12-29
WODRAINER,Bladee,Cold Visions,2024-04-24
College Boy,Bladee,Red Light,2018-05-11
Golden Boy,Bladee,Red Light,2018-05-11
Westfield,Bladee,Red Light,2018-05-11
Trendy,Bladee,The Fool,2021-05-28
Psycho,Bladee (Ft. Adamn Killa),rip bladee,2015-09-02
Puppet Master,Bladee,Red Light,2018-05-11
KING NOTHINGG,Bladee,Cold Visions,2024-04-24
Knightsbridge,Bladee,Working on Dying,2017-12-28
Let’s Ride,Bladee,The Fool,2021-05-28
OKK,Bladee,Icedancer,2018-12-29
Jaws,Bladee,Icedancer,2018-12-29
For Nothing,Bladee,Icedancer,2018-12-29
WALLET WONT FOLD,Bladee,{},2017-12-21
It Suxx,Bladee,Plastic Surgery,2017-02-07
Redlight Moments,Bladee,Working on Dying,2017-12-28
Doorman,Bladee,Plastic Surgery,2018-09-21
Keys to the City,Bladee,333,2020-07-16
PARANOIA INTRO,Bladee,Cold Visions,2024-04-23
Subaru,Bladee,Rainworld,2014-05-05
The Fool Intro,Bladee,The Fool,2021-05-28
Cartier’god Icedancer (Intermission),Bladee (Ft. Cartier God),Icedancer,2018-12-29
DRAIN STORY,Bladee,Spiderr,2022-09-16
BBY,Bladee,The Fool,2021-05-28
Inside Out,Bladee (Ft. Yung Lean),Icedancer,2018-12-29
Xd Out,Bladee,Eversince,2016-05-25
I Chose to Be This Way,Bladee & 16yrold,{},2018-11-27
FLATLINE,Bladee,Cold Visions,2024-04-24
ICARUS 3REESTYLE,Bladee,Spiderr,2022-09-30
LOVESTORY,Bladee (Ft. Ecco2k),EXETER,2020-04-08
Fake News,Bladee,Red Light,2018-05-11
Wickr Man,Bladee,D&G,2017-08-07
I DONT LIKE PEOPLE,Bladee (Ft. Yung Lean),Cold Visions,2024-04-24
DONT WANNA HANG OUT,Bladee,Cold Visions,2024-04-24
ONLY GOD IS MADE PERFECT,Bladee,Cold Visions,2024-04-24
50SACINMYSOCIDGAF,Bladee (Ft. Yung Lean),rip bladee,2016-10-21
D-925,Bladee,Working on Dying,2017-12-28
​safehouse,Bladee,‌gluee,2014-01-20
Rain Check,Bladee,{},2015-08-12
Hex,Bladee,Red Light,2018-05-11
Under Your Spell,Bladee,Working on Dying,2017-12-28
Botox Lips,Bladee,D&G,2017-08-07
Mean Girls,Bladee,333,2020-07-16
Butterfly,Bladee (Ft. Thaiboy Digital),rip bladee,2015-09-30
Like a Virgin,Bladee,{},2015-07-28
Linkdin,Bladee,Icedancer,2018-12-29
Still in Search of Sunshine,Bladee & Thaiboy Digital,AvP,2016-12-02
CANT END ON A LOSS (OUTRO),Bladee,Cold Visions,2024-04-24
​spellbound,Bladee,‌gluee,2014-01-20
Friday Nite,Bladee (Ft. Sickboyrari),{},2015-07-24
Stalker,Bladee & Ecco2k,D&G,2017-08-07
WONDERLAND,Bladee (Ft. Ecco2k),EXETER,2020-04-08
Dead inside Dark outside,Bladee & Ecco2k,{},2016-12-13
Cover Up,Bladee,{},2018-05-09
7-Eleven,Bladee,rip bladee,2015-04-02
You Lose,"Bladee, Ecco2k & Thaiboy Digital",Trash Island,2019-09-12
Im Not Tired,Bladee,{},2018-02-18
Waterfall,"Bladee, Ecco2k & Thaiboy Digital",Trash Island,2019-09-12
RED CROSS,Bladee,Cold Visions,2024-04-24
MJ,Bladee (Ft. Yung Lean),rip bladee,2016-03-07
Sick,Bladee,Eversince,2016-05-25
Backstr€€t Boys,Bladee (Ft. Sickboyrari),Working on Dying,2017-12-28
Wings in Motion,Bladee,333,2020-07-16
No Life Left,Bladee,D&G,2017-08-07
TERRIBLE EXCELLENCE,Bladee (Ft. Yung Lean),Cold Visions,2024-04-24
It Girl,Bladee,333,2020-07-16
Valerie,Bladee,333,2020-07-16
LUCKY LUKE,Bladee (Ft. Thaiboy Digital & Yung Lean),Cold Visions,2024-04-24
END OF THE ROAD BOYZ,Bladee,Cold Visions,2024-04-24
Innocent of All Things,Bladee,333,2020-07-16
2beloved,Bladee,Rainworld,2019-06-29
I AM SLOWLY BUT SURELY LOSING HOPE,Bladee,Spiderr,2022-09-30
Numb/Beverly Hills,Bladee,D&G,2017-08-07
​everlasting flames,Bladee (Ft. Thaiboy Digital),‌gluee,2013-12-28
DG Jeans,Bladee,Icedancer,2018-12-29
HAHAH,Bladee,Spiderr,2022-09-30
COLD VISIONS (OUTRO 2),Bladee (Ft. Ecco2k),Cold Visions,2024-04-24
That Thing You Do,Bladee (Ft. Uli K),Red Light,2018-05-11
DiSASTER PRELUDE,Bladee (Ft. Ecco2k),Spiderr,2022-09-30
Don’t Worry,Bladee,333,2020-07-16
Sesame Street,Bladee,{},2018-07-24
Jewelry,Bladee,{},2014-01-15
#18,Bladee,{},2017-11-13
30th Floor,Bladee & Thaiboy Digital,Trash Island,2019-09-12
Oh Well,Bladee,333,2020-07-16
Suffocation,Bladee,D&G,2017-08-07
Carwash,Bladee,GTBSG,2013-04-16
Painkillers,Bladee & Thaiboy Digital,AvP,2016-12-08
Acid Rain,Bladee & Ecco2k,Trash Island,2019-09-12
Yeses (Red Cross),Bladee & Ecco2k,Crest,2022-03-18
Faust,Bladee & Ecco2k,Crest,2022-03-18
MERRY-GO-ROUND,Bladee,EXETER,2020-04-08
Inspiration Comes,Bladee (Ft. Thaiboy Digital),The Fool,2021-05-28
ONE SECOND,Bladee (Ft. Yung Lean),Cold Visions,2024-04-24
Sleep Walk,Bladee,{},
Only One,Bladee,333,2020-07-16
Destroy Me,Bladee,{},2017-03-09
MESSAGE TO MYSELF,Bladee,Cold Visions,2024-04-24
​i will make you bleed,Bladee & Thaiboy Digital,GTBSG,2013-05-08
UNDERSTATEMENT,Bladee,Spiderr,2022-09-30
​desiree,Bladee,The Fool,2021-05-28
Ghost Hands,Bladee,Rainworld,2013-08-23
Drama,Bladee & Mechatok,Good Luck (Deluxe),2020-10-30
I Want It That Way,Bladee,The Fool,2021-05-28
My Magic Is Strong,Bladee,GTBSG,2013-05-27
White Meadow,Bladee & Ecco2k,Crest,2022-03-18
DONT DO DRUGZ,Bladee,Cold Visions,2024-04-24
​facetime,Bladee,{},2016-07-19
Swan Lake,Bladee,333,2020-07-16
FUN FACT,Bladee (Ft. Yung Lean),Cold Visions,2024-04-24
Smile,Bladee,Sunset in Silver City,2018-08-02
FALSE,Bladee,Cold Visions,2024-04-24
LOWS PARTLYY,Bladee,Cold Visions,2024-04-24
Tony Hawk,Bladee (Ft. Ecco2k),{},2011-08-29
NOTHINGG,Bladee (Ft. Wondha Mountain),Spiderr,2022-09-30
Bladeecity,Bladee (Ft. Yung Lean),GTBSG,2013-07-01
The Silent Boy Cries (Ripsquadd Outro),Bladee,Icedancer,2018-12-29
IMAGINARY,Bladee,EXETER,2020-04-08
Rainbow,Bladee & Mechatok,Good Luck (Deluxe),2020-12-09
Trial,Bladee,Exile,2018-09-28
OXYGEN,Bladee,{},
BLUE CRUSH ANGEL,Bladee,Spiderr,2022-09-30
Sentence,Bladee,Exile,2018-09-28
Desire Is a Trap,Bladee & Ecco2k,Crest,2022-03-18
The Void,"Bladee, Ecco2k & Thaiboy Digital",Trash Island,2019-09-12
Area 51,Bladee & Thaiboy Digital,AvP,2016-12-08
D.O.A,Bladee & Skrillex,Cold Visions,2024-04-23
RAIN3OW STAR (LOVE IS ALL),Bladee,EXETER,2020-04-08
Insect,Bladee,{},2017-10-29
Birdbath,Bladee,Vanilla Sky,2019-07-26
FML,Bladee,{},2018-02-25
Chaos Follows,Bladee & Ecco2k,Crest,2022-03-18
Scarecrows,Bladee,D&G,2017-08-07
I.E.E.,Bladee,Sunset in Silver City,2018-08-02
Search True,Bladee,The Fool,2021-05-28
4am,Bladee,{},2015-06-01
DRESDEN ER,Bladee,Spiderr,2022-09-30
​Dragonfly,Bladee,{},2014-04-18
She’s Always Dancing,Bladee,Spiderr,2022-09-30
​freeze,Bladee,‌gluee,2014-01-20
God,Bladee & Mechatok,Good Luck (Deluxe),2020-11-24
RIVER FLOWS IN YOU,Bladee,Cold Visions,2024-04-24
All I Want,Bladee & Mechatok,{},2019-02-15
Kiss of Death,Bladee & Uli K,UxB,2015-11-02
Brokeboy,Bladee & Thaiboy Digital (Ft. Ecco2k),AvP,2016-12-08
Finder,Bladee,333,2020-07-16
OPEN SYMBOLS (PLAY)  BE IN YOUR MIND,Bladee,EXETER,2020-04-08
100s,Bladee,333,2020-07-16
DNA RAIN,Bladee,EXETER,2020-04-08
Requiem,Bladee (Ft. Thaiboy Digital),Requiem,2023-12-21
One In A Million,Bladee,Ste The Beautiful Martyr 1st Attempt,2025-04-30
Cash In My Jeans,Bladee,Rainworld,
Anywhere,Bladee,RIFT One,2020-07-08
Feel Like,Bladee,Icedancer,2018-12-29
X o n u,Bladee & Thaiboy Digital (Ft. Yung Lean),{},2015-01-06
Wett (Water2),Bladee,The Fool,2021-05-28
​upgrade enabled,Bladee,‌gluee,2014-01-20
NORMAL,Bladee,Cold Visions,2024-04-24
EVERY MOMENT SPECIAL,Bladee,EXETER,2020-04-08
Velociraptor,Bladee,Spiderr,2022-09-30
Exstasia,Bladee,333,2020-07-16
PM2,Bladee,Cold Visions,2024-04-24
MIRROR (HYMN) (INTRO),Bladee,EXETER,2020-04-08
Im Lost,Bladee & Thaiboy Digital,GTBSG,2013-04-23
Drama (Remix),Bladee & Mechatok (Ft. Charli xcx),Good Luck (Deluxe),2021-04-28
Heaven Sings,Bladee & Ecco2k,Crest,2022-03-18
Obsessed with Death,Bladee,Requiem,2023-12-21
Faceless,Bladee & YSB OG,{},2017-02-08
Who’s Going To Find Me Tonight?,Bladee,{},2016-11-17
Undergone,Bladee & ssaliva,{},2020-03-26
Creepin,Bladee (Ft. Yung Lean),{},2015-08-04
Everything Can Go,Bladee,Rainworld,
Beautiful,Bladee,Rainworld,2013-12-01
2X,Bladee & Thaiboy Digital,AvP,2016-12-08
Party Wit Me,Bladee (Ft. Felix Lee),{},2014-11-29
Unloveable,Bladee,Rainworld,
URIEL OUTRO,Bladee,Spiderr,2022-09-30
Sun,Bladee & Mechatok,Good Luck (Deluxe),2020-12-10
crushed,Bladee,Rainworld,2013-10-01
ITS OK TO NOT BE OK,Bladee,Spiderr,2022-09-30
BAD 4 BUSINESS,Bladee,Cold Visions,2024-04-24
Lie 2 Me,Bladee & Thaiboy Digital,{},2016-03-01
1million,Bladee & Thaiboy Digital,AvP,2016-12-08
SO COLD INTERLUDE,Bladee,Cold Visions,2024-04-24
Diamondz,"Bladee, Thaiboy Digital & Sickboyrari",GTBSG,2013-08-11
All The Way,"Bladee, Thaiboy Digital & Yung Lean",Back 2 Life,2022-11-18
You,Bladee & Mechatok,Good Luck (Deluxe),2020-12-10
I DONT LIKE PEOPLE (WHITEARMOR INTERLUDE),Bladee (Ft. Whitearmor),Cold Visions,2024-04-24
Winter,Bladee & Thaiboy Digital,AvP,2016-12-08
Always High,Bladee,{},2011-08-06
Made of Glass,Bladee (Ft. Thaiboy Digital),Bala Comp Vol. 1,2015-11-26
Show U,Bladee,{},2015-04-29
Ask Jade,Bladee,Ste The Beautiful Martyr 1st Attempt,2025-04-30
✡ til i die ✡,Bladee,{},2018-02-27
COMMERCIAL 0.2 (LIFE OUTRO),Bladee,Rainworld,
Smoke In My Eyes,Bladee & Thaiboy Digital,GTBSG,2013-04-01
1s,Bladee (Ft. YSB OG),{},2017-12-22
Into One,Bladee & Mechatok,Good Luck (Deluxe),2020-12-10
St George The Martyr,Bladee,Ste The Beautiful Martyr 1st Attempt,2025-04-30
​chainsaw,Bladee,{},2013-07-22
Dwarf,Bladee & Ecco2k,{},
Every Summer,"Bladee, Nation & Varg²™",{},2023-08-29
Grace,Bladee & Mechatok,Good Luck (Deluxe),2020-12-10
#Jaws (#MoneyInMotion)#IceDancer #CartieMix,Bladee & Cartier God,Heartbreakers,2019-01-13
All Fair,"Bladee, Yung Lean & Ant Wan",{},2017-06-05
☆dior☆f/w2016☆,Bladee,Rainworld,2014-03-06
Angelita (Original),Bladee & Uli K,{},2017-03-25
Rainbow (make it double Oklou Mix),Bladee & Mechatok,Good Luck (Deluxe),2021-03-19
Gates,Bladee & Mechatok,Good Luck (Deluxe),2021-05-11
​bladee commercial Pt.1.0,Bladee,Rainworld,2013-08-08
Mcake,Bladee & Ecco2k,{},
Slow Dance,Bladee & Ecco2k,{},
Side by Side (Demo Version),Bladee,{},2018-12-29
Intro,Bladee & Mechatok,Good Luck (Deluxe),2020-12-10
#WetWater333,Bladee & Cartier God,{},2021-08-28
Angelita,Bladee & Uli K,UxB,
Germany*,Bladee,{},
​sleep,Bladee,{},2013-06-01
10k&itsonlyfabric,Bladee,{},
Jewelry (Learic Spellman Version),Bladee,{},2017-09-16
Not Much Of A Life (SALEM Cover),Bladee & Mechatok,{},2021-12-31
Side by Side (Alternate Version),Bladee (Ft. Thaiboy Digital),{},
OPP,Bladee & Uli K,UxB,
Mora Donk,Bladee & Ecco2k,{},
Bind Mina Händer,Bladee & Ecco2k,{},
As the World Unfolds*,Bladee,{},
GRACE/THE GATE,Bladee & Ecco2k,{},
Dog Village,Bladee,{},2013-05-12
Försöker (Sofijah Cover),Bladee & Mechatok (Ft. Toxe),{},2025-02-09
Ambience,Bladee,{},
Cold,Bladee,{},2015-11-20
Glädjeklockor.mp4,Bladee & Mechatok,{},2025-02-09
​Tofu Golem,Bladee,{},2013-05-01
Ice Cream Man,Bladee,{},
Mountain*,Bladee,{},
​magical emperor sacred ricefield,Bladee,{},2013-05-01
God (Evian Christ Remix),Bladee & Mechatok,Good Luck (Deluxe),2021-03-26
PARANOIA INTRO (Music Video Version),Bladee,{},2024-04-23
Feel Like (Demo)*,Bladee,{},
​i cant leave my house,Bladee,{},2013-06-13
Grace (Salem Remix),Bladee & Mechatok,Good Luck (Deluxe),2021-04-09
BLEACH (Duplicate Page),Bladee & Ecco2k,{},2013-03-05
Sun (Toxe Remix),Bladee & Mechatok,Good Luck (Deluxe),2021-05-11
Invisible (Original),Bladee & Uli K,UxB,2015-11-02
@thaiboygoon Birthday Instagram Livestream Leak,Bladee,{},
Be Nice 2 Me but Minecraft,Bladee,{},2022-08-19
Never Let U Go,Bladee,{},
I will make you bleed (OG Version),Bladee & Thaiboy Digital,{},
STREETZ CALLING.1,Bladee,{},
So Cold (OXYGEN (OG Version)),Bladee,{},
NORMAL (REMIX),Bladee,{},2024-07-01
Side By Side (Bladee Only),Bladee,{},2018-01-01
Im Lost (OG Version),Bladee & Thaiboy Digital,{},
OXYGEN (No Autotune),Bladee,{},
1 Night,Bladee,{},2024-12-13
Worthless*,Bladee,{},
Purpose*,Bladee,{},
The Game*,Bladee,{},
Backstr€€t Boys (Demo),Bladee,{},2017-11-18
Cincinnati,Bladee & Adamn Killa,{},2021-10-10
